id;record_unique_identifier;contact_id;phone_number;email_address;parents_phone_number;created_at;updated_at;is_deleted
1;b716fbff-0951-4539-b56a-2b10922985ae;Som Texas;Associate;Intelligent Louisiana Outdoors;Tanzania;2023-03-30;2023-03-29;2023-03-30
2;3832dd49-3f3b-4e15-81e1-b4223268c45b;Ergonomic;policy;open-source SAS;SMS e-business;2023-03-29;2023-03-30;2023-03-30
3;f008d62b-bf3f-4b88-af56-de9821adb8ce;Engineer;user;Florida RAM;magnetic compelling Human;2023-03-30;2023-03-30;2023-03-30
4;f4416cc6-4e77-4166-8cdb-a246284596be;success out-of-the-box schemas;Car open-source;Card;Cotton Plastic auxiliary;2023-03-30;2023-03-30;2023-03-29
5;7a52889d-57a7-4ddd-9257-438a4d46667c;Fords Liaison;bus e-enable;port quantifying;Netherlands;2023-03-30;2023-03-30;2023-03-29
6;a4459530-d470-44f8-903e-8bef1254d35b;Rustic innovate hierarchy;Handcrafted;transition;Chief Small extend;2023-03-30;2023-03-29;2023-03-30
7;a69d60f0-fd18-423f-a53c-3c827ce10c2d;Arizona Manager systemic;calculate Outdoors;client-server;Shoes Valley;2023-03-30;2023-03-29;2023-03-30
8;9f86656a-cfc5-401e-abfc-3a1736efa0fc;Litas deposit;Refined panel;Team-oriented Account;1080p;2023-03-30;2023-03-30;2023-03-30
9;93d9a40d-9814-4199-8e12-e25fa98c807f;integrate Versatile static;olive;withdrawal Lodge;Personal Mountain EXE;2023-03-29;2023-03-30;2023-03-29
10;57525b81-e6bf-4f6b-8f3f-fffd9e3ad520;Cambridgeshire deliverables;copying;microchip Direct methodologies;bypass;2023-03-30;2023-03-30;2023-03-30
